"Achstattring","A",2,1,1,1,1,"MO"
"Adalbert-Stifter-Str.","C",2,1,1,1,3,"MI"
"Adolph-Kolping-Straße","B",1,1,1,1,4,"DI"
"Ahornweg","A",2,2,2,1,2,"MO"
"Albert-Boßler-Straße","A",2,1,1,1,4,"FR"
"Albert-Schweitzer-Str.","A",2,1,1,1,3,"DO"
"Alfred-Bock-Straße","C",2,1,1,1,3,"MI"
"Alicenstraße 1 - 15","A",2,1,1,1,3,"DO"
"Alicenstraße 16 - Ende","B",1,2,2,1,3,"DI"
"Alicenstraße 17 - Ende","B",1,2,2,1,3,"DI"
"Alicenstraße 2 - 14","A",2,1,1,1,3,"DO"
"Allendoerfer Au","B",1,2,2,1,4,"FR"
"Alte Schulstr.","A",2,2,2,2,1,"MI"
"Altenbergweg","B",1,3,3,1,2,"MO"
"Altenburger Str.","A",2,2,2,2,1,"MI"
"Alten-Busecker-Str.","A",2,2,2,2,1,"MI"
"Altenfeldsweg","B",1,1,1,2,3,"MI"
"Alter Krofdorfer Weg","B",1,3,3,1,2,"MO"
"Alter Steinbacher Weg","C",2,1,1,1,3,"MI"
"Alter Wetzlarer Weg","B",1,1,1,2,4,"DO"
"Am Alten Friedhof","C",2,1,1,1,3,"MI"
"Am Alten Gaswerk","A",2,1,2,1,2,"DO"
"Am Alten Steinbruch","B",1,3,2,1,4,"FR"
"Am Backhaus","B",1,2,2,1,4,"FR"
"Am Bergwald","C",2,2,3,2,3,"MI"
"Am Bergwerkswald","B",1,2,2,1,4,"DI"
"Am Brennofen","A",2,1,2,1,2,"DO"
"Am Eichelbaum","A",2,2,2,2,1,"MI"
"Am Erlenberg","A",2,2,2,2,1,"MI"
"Am Gallichten","B",1,3,2,1,4,"FR"
"Am Güterbahnhof","B",1,1,1,1,3,"DO"
"Am Hellerpfad","B",1,2,2,1,4,"FR"
"Am Hügel","B",1,2,2,1,4,"FR"
"Am Kaiserberg","A",2,3,2,2,1,"MI"
"Am Kasimir","B",1,3,2,1,4,"FR"
"Am Kirschenberg","C",2,2,3,2,3,"MI"
"Am Siegborn","A",2,1,3,1,1,"DO"
"Am Sportplatz","B",1,3,2,1,4,"FR"
"Am Steckelchen","B",1,2,2,1,4,"FR"
"Am Steg","B",1,1,1,2,4,"DO"
"Am Steinkreuz","A",2,2,4,2,1,"MI"
"Am Steinrück","B",1,2,2,1,4,"FR"
"Am Throms Garten","B",1,1,1,1,4,"DI"
"Am Unteren Rain","A",2,1,1,2,3,"MI"
"Am Urnenfeld","A",2,3,2,2,1,"MI"
"Am Wallborn","A",2,3,4,2,1,"MI"
"Am Weiher","B",1,2,2,1,4,"FR"
"Am Weinberg","B",1,3,2,1,4,"FR"
"Am Zehntfrei","B",1,3,2,1,4,"FR"
"Am Zollstock","A",2,2,1,1,4,"DI"
"Amselweg","C",2,3,4,1,1,"MO"
"An dem Trieb","A",2,1,3,1,2,"DO"
"An den Birken","A",2,4,1,1,4,"FR"
"An den Schulgärten","A",2,1,1,1,4,"FR"
"An der Alten Post","A",2,1,1,1,3,"DO"
"An der Automeile","B",1,4,4,1,3,"MO"
"An der Hessenhalle","B",1,3,3,1,2,"MO"
"An der Johanneskirche","A",2,1,1,1,3,"DO"
"An der Kaserne","B",1,4,4,1,3,"MO"
"An der Liebigshöhe","A",2,2,2,1,2,"MO"
"An der Schillerlinde","C",2,2,3,2,3,"MI"
"An der Schule","B",1,2,2,1,4,"FR"
"An Steins Garten","C",2,1,1,1,3,"MI"
"Andreasteich","A",2,4,1,1,4,"FR"
"Anger","B",1,4,4,1,3,"MO"
"Anne-Frank-Str.","B",1,3,3,1,2,"MO"
"Anneröder Weg","B",1,4,4,1,3,"MO"
"Annette-Kolb-Weg","A",2,1,1,1,1,"MO"
"Arndtstr.","B",1,2,1,1,4,"DI"
"Asterweg 1 - 61","A",2,2,2,1,2,"DO"
"Asterweg 2 - 62","A",2,2,2,1,2,"DO"
"Asterweg 63 - Ende","A",2,3,2,1,2,"DO"
"Asterweg 64 - Ende","A",2,3,2,1,2,"DO"
"Aubach","B",1,3,2,1,4,"FR"
"Auf dem Freistück","A",2,1,3,2,3,"FR"
"Auf Dem Krohplatz","A",2,1,3,1,1,"DO"
"Auf der Bach","A",2,2,2,1,2,"DO"
"Auf der Wann","A",2,1,1,1,4,"FR"
"August-Balzer-Weg","B",1,3,3,1,2,"MO"
"August-Bramm-Weg","A",2,2,2,2,1,"MI"
"August-Hermann-Francke-Weg","A",2,2,2,1,2,"MO"
"August-Messer-Straße","A",2,2,2,1,2,"MO"
"Aulweg 1 - 25Z","A",2,2,1,1,4,"DI"
"Aulweg 2 - 24Z","A",2,2,1,1,4,"DI"
"Aulweg 26 - Ende","B",1,2,1,1,4,"DI"
"Aulweg 27 - Ende","B",1,2,1,1,4,"DI"
"Bachweg","A",2,1,1,1,4,"FR"
"Backhausstraße","A",2,2,2,2,1,"MI"
"Badenburg/Blockstelle","A",2,1,3,1,1,"DO"
"Badenburger Hohl","A",2,2,4,2,1,"MI"
"Bahnhofstraße","A",2,1,1,1,3,"DO"
"Bantzerweg","C",2,2,4,1,1,"MO"
"Bärner Str.","C",2,2,3,2,3,"MI"
"Barresgraben","B",1,1,1,1,4,"DI"
"Baumgarten","C",2,4,5,2,3,"MI"
"Bechsteinweg","A",2,1,1,1,4,"FR"
"Beethovenstr.","A",2,2,1,1,4,"DI"
"Bergstr.","B",1,3,2,1,4,"FR"
"Bergwaldstr.","A",2,1,1,1,4,"FR"
"Bergwerk","B",1,2,1,1,4,"DI"
"Berliner Platz","A",2,4,1,1,2,"DO"
"Berliner Str.","B",1,2,2,1,4,"FR"
"Bernhardtstr.","A",2,1,1,1,4,"FR"
"Bertha-von-Suttner-Weg","A",2,1,1,1,1,"MO"
"Beskidenstr.","B",1,2,2,1,4,"FR"
"Bettina-von-Arnim-Straße","A",2,4,1,1,4,"FR"
"Birkenweg","B",1,2,2,1,4,"FR"
"Bismarckstr.","A",2,4,1,1,3,"DO"
"Bitzenstr.","B",1,2,2,1,4,"FR"
"Bleichstraße","A",2,4,1,1,3,"DO"
"Böcklinstr.","C",2,2,4,1,1,"MO"
"Bodelschwinghweg","A",2,2,2,1,2,"MO"
"Bootshausstraße","A",2,3,2,1,1,"DO"
"Brahmsstr.","A",2,2,1,1,4,"DI"
"Brandgasse","A",2,2,2,1,2,"DO"
"Brandplatz","A",2,2,2,1,2,"DO"
"Brandweg","A",2,1,1,1,4,"FR"
"Braugasse","A",2,2,2,1,2,"DO"
"Breslauer Str.","B",1,2,2,1,4,"FR"
"Bromberger Str.","D",1,4,5,1,3,"MO"
"Bruchstr.","A",2,4,1,1,3,"DO"
"Brüder-Grimm-Str.","A",2,1,1,1,4,"FR"
"Brunnengasse","A",2,2,2,2,1,"MI"
"Brunnenweg","C",2,2,3,2,3,"MI"
"Buchenweg","A",2,2,2,1,2,"MO"
"Buchnerstr.","B",1,1,1,2,4,"DO"
"Bückingstr.","A",2,1,2,1,2,"DO"
"Buddestr.","B",1,1,1,2,4,"DO"
"Burgenring","A",2,3,2,2,1,"MI"
"Bürgerhausstr.","C",2,2,3,2,3,"MI"
"Bürgermeister-Jung-Weg","A",2,4,1,1,4,"FR"
"Burggartenstr.","A",2,4,1,1,4,"FR"
"Burggraben","A",2,1,2,1,2,"DO"
"Burgwiesenweg","C",2,2,3,2,3,"MI"
"Canonstraße","C",2,2,3,2,3,"MI"
"Carl-Franz-Straße","A",2,2,1,1,4,"DI"
"Carl-Maria-von-Weber-Str.","A",2,2,1,1,4,"DI"
"Carlo-Mierendorff-Straße","B",1,3,3,1,2,"MO"
"Carl-Ulrich-Str.","A",2,3,4,2,1,"MI"
"Carl-Vogt-Str.","B",1,4,4,1,3,"MO"
"Chamissoweg","A",2,2,2,2,1,"MI"
"Christian-Rinck-Str.","A",2,2,1,1,4,"DI"
"Clementiastraße","B",1,3,3,1,2,"MO"
"Clevelandstraße","A",2,3,2,2,3,"DI"
"Cranachstr.","C",2,2,4,1,1,"MO"
"Crednerstraße","B",1,1,1,2,4,"DO"
"Curtmannstr.","B",1,2,2,1,2,"MO"
"Dahlienweg","A",2,1,4,1,1,"MO"
"Dammstraße","A",2,2,2,1,2,"DO"
"Danziger Str.","D",1,4,5,1,3,"MO"
"Diebweg","A",2,2,4,2,1,"MI"
"Dietrich-Bonhoeffer-Str.","B",1,3,3,1,2,"MO"
"Diezstr.","A",2,1,2,1,2,"DO"
"Doeringstraße","B",1,4,4,1,3,"MO"
"Domäne Schiffenberg","C",2,4,5,2,3,"MI"
"Dreieck","C",2,2,3,2,3,"MI"
"Drosselweg","C",2,3,4,1,1,"MO"
"Dünsbergring","A",2,3,2,2,1,"MI"
"Dünsbergstr.","B",1,3,3,1,2,"MO"
"Dürerstr.","A",2,2,4,1,1,"MO"
"Dutenhofener Straße","B",1,2,2,1,4,"FR"
"Ebelstraße","B",1,2,2,1,4,"DI"
"Ecke","A",2,2,2,2,1,"MI"
"Ederstr. 1 - 31","A",2,2,2,1,2,"DO"
"Ederstr. 2 - 24","A",2,2,2,1,2,"DO"
"Ederstr. 26 - Ende","A",2,3,2,1,2,"DO"
"Ederstr. 33 - Ende","A",2,3,2,1,2,"DO"
"Editha-Klipstein-Weg","A",2,1,1,1,1,"MO"
"Edlef-Köppen-Weg","A",2,5,2,1,2,"MO"
"Eduard-David-Str.","A",2,3,4,2,1,"MI"
"Egerländer Str.","A",2,3,2,1,1,"DO"
"Ehrsamer Weg","B",1,3,2,1,4,"FR"
"Eichendorffring","B",1,4,4,1,3,"MO"
"Eichenröder Weg","A",2,2,4,2,1,"MI"
"Eichgärten","A",2,2,3,1,2,"MO"
"Eichgärtenallee","A",2,2,2,1,2,"MO"
"Eichgasse","A",2,2,2,2,1,"MI"
"Eisenacher Str.","A",2,2,2,2,1,"MI"
"Eisenstein","A",2,2,2,2,1,"MI"
"Elly-Heuss-Knapp-Weg","A",2,1,1,1,1,"MO"
"Elsa-Brandström-Straße","B",1,2,2,1,4,"DI"
"Erdkauter Weg","A",2,2,2,3,4,"DI"
"Erfurter Str.","A",2,2,2,2,1,"MI"
"Erlengasse","A",2,1,1,1,3,"DO"
"Ermelgasse","A",2,2,2,2,1,"MI"
"Ernst-Eckstein-Str.","C",2,1,1,1,3,"MI"
"Ernst-Toller-Weg","A",2,5,2,1,2,"MO"
"Eulenkopf","A",2,5,2,1,3,"MO"
"Europastraße","B",1,4,4,1,3,"MO"
"Falkweg","A",2,2,2,1,2,"MO"
"Falltorstraße","B",1,2,2,1,4,"FR"
"Fasanenweg","B",1,4,4,1,3,"MO"
"Felsenweg","A",2,1,4,1,1,"DO"
"Ferniestraße","A",2,1,1,2,3,"MI"
"Feuerbachstr.","C",2,2,4,1,1,"MO"
"Fichtestr.","B",1,2,1,1,4,"DI"
"Finkenweg","C",2,3,4,1,1,"MO"
"Fliednerweg","A",2,2,2,1,2,"MO"
"Flugplatz","B",1,2,2,1,4,"FR"
"Flutgraben","A",2,1,1,1,3,"DO"
"Fontaneweg","A",2,4,1,1,4,"FR"
"Forsthausweg","C",2,4,5,2,3,"MI"
"Frankfurter Straße 1 - 3","A",2,4,1,1,3,"DO"
"Frankfurter Straße 2 - 204","B",1,1,1,2,4,"DO"
"Frankfurter Straße 201 - 381","A",2,4,1,1,4,"FR"
"Frankfurter Straße 206 - 258","A",2,1,1,1,4,"FR"
"Frankfurter Straße 260 - 374","A",2,4,1,1,4,"FR"
"Frankfurter Straße 5 - 199","A",2,2,2,1,4,"DI"
"Franzen Garten","B",1,2,2,1,4,"FR"
"Franzensbader  Str.","A",2,2,4,1,1,"MO"
"Freiligrathstr.","B",1,2,1,1,4,"DI"
"Friedensstr.","D",1,4,4,1,3,"MO"
"Friedhofsallee","A",2,1,4,1,1,"MO"
"Friedhofstr.","B",1,3,2,1,4,"FR"
"Friedhofsweg","A",2,1,1,1,4,"FR"
"Friedrich-Ebert-Str.","C",2,2,3,2,3,"MI"
"Friedrich-List-Str.","B",1,3,3,1,2,"MO"
"Friedrich-Naumann-Str.","B",1,3,3,1,2,"MO"
"Friedrich-Schwarz-Str.","B",1,1,1,2,3,"MI"
"Friedrichstr. 1 - 11","B",1,1,1,2,4,"DO"
"Friedrichstr. 13 - Ende","B",1,2,2,1,4,"DI"
"Friedrichstr. 16 - Ende","B",1,2,2,1,4,"DI"
"Friedrichstr. 2 - 14","B",1,1,1,2,4,"DO"
"Fröbelstr.","B",1,4,2,1,2,"MO"
"Fröschen Weiher","B",1,2,2,1,4,"FR"
"Fuchsgraben","B",1,4,4,1,3,"MO"
"Fuldastr.","A",2,3,2,1,2,"DO"
"Gabelsbergerstraße","B",1,1,1,1,3,"DO"
"Gaffkystr.","A",2,2,1,1,4,"DI"
"Gänsmühle","A",2,3,4,2,1,"MI"
"Gartenstr.","A",2,1,1,1,3,"DO"
"Gartfeld","A",2,1,2,1,2,"DO"
"Gellertweg","A",2,2,2,2,1,"MI"
"Georg-Büchner-Str.","B",1,1,1,1,4,"DI"
"Georg-Edward-Str.","A",2,4,1,1,4,"FR"
"Georg-Haas-Straße","B",1,1,1,1,4,"DI"
"Georg-Philipp-Gail-Str.","B",1,4,4,1,3,"MO"
"Georg-Schlosser-Str.","A",2,1,2,1,2,"DO"
"Geraer Str.","A",2,2,2,2,1,"MI"
"Geranienweg","A",2,1,4,1,1,"MO"
"Gießener Straße","A",2,2,2,2,1,"MI"
"Ginsterbusch","A",2,4,1,1,4,"FR"
"Glaubrechtstraße","B",1,1,1,2,4,"DO"
"Gleiberger Weg","B",1,3,3,1,2,"MO"
"Gleibergring","A",2,3,2,2,1,"MI"
"Gnauthstr.","A",2,4,1,1,3,"DO"
"Goethestr.","A",2,4,1,1,3,"DO"
"Gothaer Straße","A",2,2,2,2,1,"MI"
"Gottlieb-Daimler-Str.","B",1,3,3,1,2,"MO"
"Grabenstraße","A",2,2,4,2,1,"MI"
"Graudenzer Str.","D",1,4,5,1,3,"MO"
"Gregor-Mendel-Str.","A",2,4,1,1,4,"FR"
"Greizer Str.","A",2,2,2,2,1,"MI"
"Grenzborn","A",2,2,1,1,4,"DI"
"Grethenstr.","B",1,2,2,1,4,"FR"
"Großen-Busecker  Straße","C",2,2,3,2,3,"MI"
"Großer Morgen","A",2,2,1,3,3,"DI"
"Großer Steinweg","A",2,1,2,1,2,"DO"
"Grünberger Straße 1 - 51","A",2,1,2,1,2,"DO"
"Grünberger Straße 180 - 358","A",2,2,2,1,3,"MO"
"Grünberger Straße 2 - 68","B",1,4,2,1,2,"MO"
"Grünberger Straße 213 - 299","A",2,2,2,1,3,"MO"
"Grünberger Straße 360","A",2,1,3,3,3,"FR"
"Grünberger Straße 53 - 77","B",1,4,2,1,2,"MO"
"Grünberger Straße 70 - 178","A",2,2,2,1,2,"MO"
"Grünberger Straße 79 - 211","A",2,2,2,1,2,"MO"
"Grüner Weg","B",1,3,3,1,2,"MO"
"Günthersgraben","B",1,2,2,1,4,"DI"
"Gustav-Krüger-Straße","B",1,1,1,1,4,"DI"
"Gustav-Stresemann-Ring","A",2,2,2,2,1,"MI"
"Gutenbergstr.","A",2,1,1,1,3,"DO"
"Gutfleischstr.","A",2,1,2,1,2,"DO"
"Hagstr.","A",2,2,2,2,1,"MI"
"Hammstraße","A",2,1,1,1,3,"DO"
"Händelstraße","A",2,2,1,1,4,"DI"
"Hangelsteinring","A",2,3,2,2,1,"MI"
"Hangelsteinstr.","A",2,2,2,2,1,"MI"
"Hannah-Arendt-Straße","A",2,2,2,1,2,"MO"
"Hardtallee","B",1,3,3,1,2,"MO"
"Hasenköppel","B",1,2,1,1,4,"DI"
"Hasenpfad","B",1,4,4,1,3,"MO"
"Hauffstr.","A",2,1,1,1,4,"FR"
"Häuser Born","C",2,4,5,2,3,"MI"
"Haydnstr.","A",2,2,1,1,4,"DI"
"Hedwig-Burgheim-Ring","A",2,1,1,1,1,"MO"
"Heegstrauchweg","A",2,1,1,2,3,"MI"
"Heerweg","A",2,4,1,1,4,"FR"
"Hegweg","A",2,1,1,1,4,"FR"
"Heide","A",2,4,1,1,4,"FR"
"Hein-Heckroth-Straße 1 - 21","A",2,1,1,1,3,"DO"
"Hein-Heckroth-Straße 2 - 20","A",2,1,1,1,3,"DO"
"Hein-Heckroth-Straße 21A - Ende","C",2,1,1,1,3,"MI"
"Hein-Heckroth-Straße 22 - Ende","C",2,1,1,1,3,"MI"
"Heinrich-Buff-Ring","B",1,2,1,1,4,"DI"
"Heinrich-Fourier-Str.","B",1,4,4,1,3,"MO"
"Heinrich-Ritzel-Str.","A",2,3,4,2,1,"MI"
"Heinrich-Will-Str.","A",2,1,4,1,1,"MO"
"Helene-Weber-Weg","A",2,1,1,1,1,"MO"
"Helgenstockstr.","C",2,2,3,2,3,"MI"
"Henriette-Fürth-Str.","B",1,1,1,1,3,"DO"
"Henselstr.","A",2,4,1,1,3,"DO"
"Herderweg","B",1,3,3,1,2,"MO"
"Hermann-Levi-Str.","A",2,2,1,1,4,"DI"
"Hermann-Löns-Straße","A",2,4,1,1,4,"FR"
"Hermann-Rau-Straße","A",2,1,1,1,4,"FR"
"Hessenstr.","C",2,1,1,1,3,"MI"
"Heuchelheimer  Str. 1 - Ende","A",2,6,3,2,2,"MO"
"Heuchelheimer  Str. 2 - Ende","A",2,1,6,1,2,"DO"
"Heyerweg 2 - 24","A",2,2,2,1,3,"MO"
"Heyerweg 25 ~ Ende","A",2,5,6,1,3,"MI"
"Hillebrandstraße","B",1,1,1,2,4,"DO"
"Hindemithstraße","A",2,2,1,1,4,"DI"
"Hinter dem Steinrücken","A",2,1,2,1,4,"FR"
"Hinter der Ostanlage","A",2,1,2,1,2,"DO"
"Hinter der Westanlage","A",2,1,1,1,3,"DO"
"Hintergasse","B",1,3,2,1,4,"FR"
"Hochelheimer Weg","B",1,2,2,1,4,"FR"
"Hochstr.","B",1,3,2,1,4,"FR"
"Hochwarte","B",1,4,4,1,3,"MO"
"Hofacker","C",2,4,5,2,3,"MI"
"Hofmannstr.","B",1,1,1,2,4,"DO"
"Hohensteinring","A",2,2,2,2,1,"MI"
"Höhenweg","A",2,2,4,2,1,"MI"
"Hoher Rain","A",2,2,1,3,3,"DI"
"Hohl","A",2,4,1,1,4,"FR"
"Holbeinring","A",2,2,4,2,1,"MI"
"Hölderlinweg","A",2,2,2,2,1,"MI"
"Hollerweg","B",1,1,1,2,4,"DO"
"Holunderweg","A",2,4,1,1,4,"FR"
"Holzweg","B",1,3,3,1,2,"MO"
"Hoppensteinstr.","B",1,3,2,1,4,"FR"
"Hornackerring","B",1,1,1,1,4,"DI"
"Hörnsheimer Str.","B",1,2,2,1,4,"FR"
"Hügelstr.","A",2,1,1,1,4,"FR"
"Hugo-von-Ritgen-Str.","A",2,1,6,1,2,"DO"
"Hultschiner Str.","D",1,4,5,1,3,"MO"
"Humboldtstraße","A",2,2,2,1,2,"MO"
"Hunfeld","A",2,1,6,1,1,"MO"
"Hüttenbergstraße","B",1,3,2,1,4,"FR"
"Hüttenweg","B",1,1,1,1,3,"DO"
"Iheringstr.","B",1,2,2,1,4,"DI"
"Im Gäßchen","B",1,2,2,1,4,"FR"
"Im Hopfengarten","C",2,2,3,2,3,"MI"
"Im Kalten Grund","A",2,1,3,1,1,"DO"
"Im Kleefeld","B",1,3,2,1,4,"FR"
"Im Uderborn","C",2,2,3,2,3,"MI"
"In den Erlen","A",2,2,2,2,1,"MI"
"In den Gärten","B",1,2,2,1,4,"FR"
"In der Hunsbach","A",2,1,4,1,1,"DO"
"In der Lechenau","A",2,1,3,1,1,"DO"
"In der Roos","C",2,2,3,2,3,"MI"
"Industriestr.","C",2,2,3,2,3,"MI"
"Inselweg","A",2,1,4,1,1,"DO"
"Jacksonstraße","A",2,3,2,2,3,"DI"
"Jahnstr.","B",1,2,2,1,2,"MO"
"Jenaer Str.","A",2,2,2,2,1,"MI"
"Joachimstaler Str.","A",2,4,3,2,1,"DI"
"Johann-Bernhard-Wilbrand Straß","B",1,1,1,1,4,"DI"
"Johannesbader  Str.","A",2,4,3,2,1,"DI"
"Johannesberg","A",2,2,2,2,1,"MI"
"Johannesstr.","A",2,1,1,1,3,"DO"
"Johannette-Lein-Gasse","A",2,1,1,1,3,"DO"
"Johann-Sebastian-Bach-Str","A",2,2,1,1,4,"DI"
"Joseph-Kreuter-Weg","B",1,3,3,1,2,"MO"
"Julius-Höpfner-Str.","B",1,1,1,2,3,"MI"
"Jungfernstraße","A",2,2,2,2,1,"MI"
"Kahlweg","B",1,3,2,1,4,"FR"
"Kaiserstraße","B",1,2,2,1,4,"FR"
"Kantstr.","A",2,2,2,1,2,"MO"
"Kanzleiberg","A",2,2,2,1,2,"DO"
"Kapellenstraße","A",2,3,2,2,3,"DI"
"Kaplansgasse","A",2,1,1,1,3,"DO"
"Karl-Benner-Straße","A",2,2,4,2,1,"MI"
"Karl-Benz-Str.","B",1,3,3,1,2,"MO"
"Karl-Follen-Str.","A",2,1,1,2,3,"MI"
"Karl-Glöckner-Straße","A",2,1,1,2,3,"MI"
"Karl-Keller-Str.","C",2,3,4,1,1,"MO"
"Karl-Reuter-Weg","A",2,1,1,2,3,"MI"
"Karl-Sack-Str.","B",1,3,3,1,2,"MO"
"Karlsbader Str.","A",2,4,3,2,1,"DI"
"Karlstr.","A",2,2,4,2,1,"MI"
"Katharinengasse","A",2,1,1,1,3,"DO"
"Katzenbach","A",2,1,1,1,4,"FR"
"Keplerstr.","A",2,1,1,1,3,"DO"
"Kerkrader Str.","B",1,4,4,1,3,"MO"
"Keßlerstraße","A",2,2,2,2,1,"MI"
"Kiesweg","A",2,3,2,2,1,"MI"
"Kirchenplatz","A",2,1,2,1,2,"DO"
"Kirchenring","C",2,2,3,2,3,"MI"
"Kirchpfad","A",2,4,1,1,4,"FR"
"Kirchstraße","A",2,2,2,2,1,"MI"
"Kirchweg","B",1,2,2,1,4,"FR"
"Kirschbaumweg","A",2,2,2,1,2,"MO"
"Kleebachstraße","B",1,3,2,1,4,"FR"
"Kleebergstr.","B",1,2,2,1,4,"FR"
"Kleine Mühlgasse","A",2,1,1,1,3,"DO"
"Kleinlindener Straße","B",1,3,2,1,4,"FR"
"Klingelbachweg","A",2,1,1,2,3,"MI"
"Klinikstr. 1 - 21","B",1,1,1,2,4,"DO"
"Klinikstr. 2 - 22","B",1,1,1,2,4,"DO"
"Klinikstr. 23 - Ende","A",2,2,1,1,4,"DI"
"Klosterweg","C",2,4,5,2,3,"MI"
"Kohlweg","A",2,2,2,2,1,"MI"
"Königgrätzer Straße","B",1,4,4,1,3,"MO"
"Konstantinbader  Straße","A",2,4,3,2,1,"DI"
"Kornblumenstr.","A",2,2,4,2,1,"MI"
"Kreuzplatz","A",2,1,1,1,3,"DO"
"Krofdorfer Straße","B",1,3,3,1,2,"MO"
"Kropbacher Weg","B",1,3,3,1,2,"MO"
"Krumstück","A",2,2,2,2,1,"MI"
"Kugelberg 1 - 63","D",1,4,4,1,3,"MO"
"Kugelberg 2 - 54","D",1,4,4,1,3,"MO"
"Kugelberg 70 - 74","A",2,2,2,1,2,"MO"
"Kugelberg 71 - 75","A",2,2,2,1,2,"MO"
"Lahnstr. 1 - 221","B",1,1,1,1,3,"DO"
"Lahnstr. 100 - 240","B",1,1,1,1,3,"DO"
"Lahnstr. 229","A",2,1,1,1,4,"FR"
"Landgrafenstr.","A",2,2,2,1,2,"DO"
"Landgraf-Philipp-Platz","A",2,2,2,1,2,"DO"
"Landmannstr.","B",1,4,4,1,3,"MO"
"Lange Ortsstr.","C",2,2,3,2,3,"MI"
"Langhansstr.","A",2,2,1,1,4,"DI"
"Lärchenwäldchen","B",1,4,4,1,3,"MO"
"Läufertsröder Weg","B",1,3,3,1,2,"MO"
"Launsbacher Weg 1 - 72","B",1,3,3,1,2,"MO"
"Launsbacher Weg 73 - Ende","A",2,1,6,1,2,"DO"
"Launsbacher Weg 74 - Ende","A",2,1,6,1,2,"DO"
"Lausköppel","C",2,4,5,2,3,"MI"
"Lehmweg","B",1,3,3,1,2,"MO"
"Leihgesterner Weg","B",1,2,2,1,4,"DI"
"Leimenkauter Weg 1 - 990","B",1,3,3,1,2,"MO"
"Leimenkauter Weg 991 - Ende","A",2,1,4,1,2,"DO"
"Leimenkauter Weg 992 - Ende","A",2,1,4,1,2,"DO"
"Lessingstr.","A",2,4,1,1,3,"DO"
"Licher Str. 1 - 104","B",1,4,4,1,3,"MO"
"Licher Str. 106","B",1,6,3,1,3,"MI"
"Licher Str. 108 - Ende","B",1,4,4,1,3,"MO"
"Lichtenauer Weg 1 - 41","A",2,2,2,2,1,"MI"
"Lichtenauer Weg 2 - 42","A",2,2,2,2,1,"MI"
"Lichtenauer Weg 43 - 63","A",2,1,7,1,1,"MO"
"Lichtenauer Weg 64 - Ende","A",2,1,3,1,1,"DO"
"Lichtenauer Weg 65 - Ende","A",2,1,3,1,1,"DO"
"Liebigstraße 23 - 107","B",1,2,2,1,4,"DI"
"Liebigstraße 24 - 96","B",1,2,2,1,4,"DI"
"Liebigstraße 8 - 18","A",2,1,1,1,3,"DO"
"Liebigstraße 9 - 21","A",2,1,1,1,3,"DO"
"Lilienweg","A",2,1,4,1,1,"MO"
"Lincolnstraße","B",1,3,2,2,2,"DI"
"Lindengasse","A",2,2,2,1,2,"DO"
"Lindenplatz","A",2,2,2,1,2,"DO"
"Lindenstraße","B",1,2,2,1,4,"FR"
"Löbers Hof","A",2,1,2,1,2,"DO"
"Löberstr.","A",2,4,1,1,3,"DO"
"Lonystr.","A",2,4,1,1,3,"DO"
"Louis-Frech-Str.","C",2,2,4,1,1,"MO"
"Löwengasse","A",2,1,1,1,3,"DO"
"Ludwig-Richter-Str.","A",2,2,4,2,1,"MI"
"Ludwig-Schneider-Weg","B",1,3,3,1,2,"MO"
"Ludwigsplatz 1 - Ende","A",2,4,1,1,2,"DO"
"Ludwigsplatz 2 - Ende","A",2,4,2,1,2,"DO"
"Ludwigstr. 1 - 53","A",2,4,1,1,3,"DO"
"Ludwigstr. 2 - 54","A",2,4,1,1,3,"DO"
"Ludwigstr. 55 - 77","B",1,2,2,1,4,"DI"
"Ludwigstr. 56 - 78","B",1,2,2,1,4,"DI"
"Lutherberg","C",2,1,1,1,3,"MI"
"Lützellindener Straße 1 - 27","A",2,1,1,1,4,"FR"
"Lützellindener Straße 2 - 32","A",2,1,1,1,4,"FR"
"Lützellindener Straße 29 - Ende","A",2,4,1,1,4,"FR"
"Lützellindener Straße 34 - Ende","A",2,4,1,1,4,"FR"
"Maigasse","A",2,1,1,1,3,"DO"
"Marburger Straße 1 - 41","A",2,3,2,1,1,"DO"
"Marburger Straße 2 - 36","A",2,1,2,1,1,"DO"
"Marburger Straße 240 - Ende","A",2,2,2,2,1,"MI"
"Marburger Straße 241 - 331","A",2,1,6,1,1,"MO"
"Marburger Straße 333 - 997","A",2,3,2,2,1,"MI"
"Marburger Straße 38 - 238","A",2,1,6,1,1,"MO"
"Marburger Straße 43 - 239","A",2,1,6,1,1,"MO"
"Marburger Straße 999 - Ende","A",2,1,4,1,1,"DO"
"Margarete-Bieber-Weg","A",2,1,1,1,1,"MO"
"Margaretenhütte","B",1,1,1,1,3,"DO"
"Maria-Birnbaum-Weg","B",1,3,3,1,2,"MO"
"Marie-Juchacz-Weg","A",2,1,1,1,1,"MO"
"Marienbader Str.","A",2,4,3,2,1,"DI"
"Marktlaubenstr.","A",2,2,2,1,2,"DO"
"Marktplatz","A",2,1,2,1,2,"DO"
"Marktstraße","A",2,1,2,1,2,"DO"
"Markwald","A",2,4,1,1,4,"FR"
"Marshallstraße","A",2,3,2,2,3,"DI"
"Mäusburg","A",2,1,1,1,3,"DO"
"Max-Eyth-Str.","C",2,2,7,1,3,"MI"
"Max-Reger-Str.","A",2,2,1,1,4,"DI"
"Meininger Weg","A",2,2,2,2,1,"MI"
"Meisenbornweg","B",1,1,1,1,3,"DO"
"Meißingerweg","A",2,2,2,2,1,"MI"
"Memeler Str.","D",1,4,5,1,3,"MO"
"Menzelstr.","C",2,2,4,1,1,"MO"
"Mildred-Harnack-Weg","A",2,1,1,1,1,"MO"
"Minna-Naumann-Weg","B",1,3,3,1,2,"MO"
"Mittelweg","B",1,1,1,2,4,"DO"
"Mittermaierstraße","A",2,2,4,1,2,"MO"
"Mohrunger Weg","B",1,3,3,1,2,"MO"
"Moltkestraße","A",2,1,2,1,2,"DO"
"Monroestraße","A",2,3,2,2,3,"DI"
"Moosweg","A",2,4,1,1,4,"FR"
"Möserstr.","A",2,2,2,2,1,"MI"
"Mozartstr.","A",2,2,1,1,4,"DI"
"Mühläckerring","A",2,2,2,2,1,"MI"
"Mühlhäuser Str.","A",2,2,2,2,1,"MI"
"Mühlstr.","A",2,1,1,1,3,"DO"
"Nahrungsberg","A",2,1,1,1,3,"MI"
"Narzissenweg","A",2,1,4,1,1,"MO"
"Nelkenweg","A",2,1,4,1,1,"MO"
"Nelly-Sachs-Weg","A",2,1,1,1,1,"MO"
"Netanyastr.","B",1,4,4,1,3,"MO"
"Neue Str.","A",2,2,4,2,1,"MI"
"Neuen Bäue","A",2,1,2,1,2,"DO"
"Neuenweg","A",2,1,1,1,3,"DO"
"Neustadt","A",2,1,2,1,2,"DO"
"Niebergallweg","A",2,4,1,1,4,"FR"
"Niederfeldstr.","A",2,2,4,2,1,"MI"
"Nonnenweg","C",2,4,5,2,3,"MI"
"Nordanlage 1 - 7","A",2,3,2,1,2,"DO"
"Nordanlage 2 - Ende","A",2,2,2,1,2,"DO"
"Nordanlage 9 - Ende","A",2,2,2,1,2,"DO"
"Nordhäuser Weg","A",2,2,2,2,1,"MI"
"Oberauweg","B",1,2,2,1,4,"DI"
"Oberer Gleiberger Weg","A",2,1,6,1,2,"DO"
"Oberer Hardthof","A",2,1,6,1,2,"DO"
"Obergarten","A",2,2,2,2,1,"MI"
"Obergasse","B",1,3,2,1,4,"FR"
"Oberlachweg","A",2,7,2,1,3,"MO"
"Oberlinweg","A",2,2,2,1,2,"MO"
"Ockerweg","A",2,2,2,2,1,"MI"
"Ohlebergsweg","A",2,2,2,1,4,"DI"
"Ostanlage","A",2,1,2,1,2,"DO"
"Otto-Behaghel-Str.","A",2,1,1,1,3,"MI"
"Pater-Delp-Str.","B",1,3,3,1,2,"MO"
"Paul-Schneider-Straße","B",1,3,3,1,2,"MO"
"Paul-Zipp-Str.","A",2,1,6,1,2,"DO"
"Pestalozzistr.","A",2,2,2,1,2,"MO"
"Petersweiher","C",2,4,5,2,3,"MI"
"Pfarrgarten","A",2,3,4,4,2,"DI"
"Pfingstweide","B",2,1,1,1,4,"FR"
"Philipp-Reis-Str.","B",1,4,3,1,2,"MO"
"Philipp-Scheidemann-Str.","A",2,3,4,2,1,"MI"
"Philosophenstraße 1 - 39","A",2,2,2,2,1,"MI"
"Philosophenstraße 116 - 118","A",2,2,2,1,2,"MO"
"Philosophenstraße 2 - 40","A",2,2,2,2,1,"MI"
"Philosophenwald","A",2,2,2,1,2,"MO"
"Pistorstraße","A",2,1,1,2,3,"MI"
"Platz der Deutsch.Einheit","A",2,1,2,1,2,"DO"
"Plockstr.","A",2,1,1,1,3,"DO"
"Posener Str.","D",1,4,5,1,3,"MO"
"Professorenweg","A",2,2,2,1,2,"MO"
"Rabenauer Straße","A",2,2,2,2,1,"MI"
"Rabenweg","B",1,4,4,1,3,"MO"
"Rambachweg","A",2,2,2,1,2,"MO"
"Rathenaustraße","A",2,1,1,2,3,"MI"
"Rehschneise","B",1,4,4,1,3,"MO"
"Reichelsberg","A",2,2,2,2,1,"MI"
"Reichenberger Str.","A",2,3,2,1,1,"DO"
"Reichensand","A",2,1,1,1,3,"DO"
"Reinhard-Strecker-Weg","A",2,2,2,2,1,"MI"
"Rheinfelser Straße","B",1,2,2,1,4,"FR"
"Richard-Schirrmann-Weg","A",2,1,6,1,2,"DO"
"Richard-Wagner-Str.","A",2,2,1,1,4,"DI"
"Riegelpfad","B",1,2,2,1,4,"DI"
"Riehlweg","A",2,4,1,1,4,"FR"
"Ringallee 21 - 61","A",2,1,2,1,2,"DO"
"Ringallee 22 - 64","A",2,1,2,1,2,"DO"
"Ringallee 68 - 102","C",2,2,4,1,1,"MO"
"Ringallee 79 - 101","C",2,2,4,1,1,"MO"
"Rittergasse","A",2,1,1,1,3,"DO"
"Riversplatz","B",1,4,2,1,3,"MO"
"Robert-Bosch-Str.","B",1,3,3,1,2,"MO"
"Robert-Sommer-Straße","A",2,2,1,1,4,"DI"
"Röderring","A",2,2,4,2,1,"MI"
"Rödgener Straße 1 - 65","A",2,2,3,1,3,"MO"
"Rödgener Straße 2 - 58","A",2,2,3,1,3,"MO"
"Rödgener Straße 60 - Ende","A",2,6,3,1,3,"MO"
"Rödgener Straße 66","A",2,3,2,2,3,"DI"
"Rödgener Straße 67 - Ende","A",2,6,3,1,3,"MO"
"Rodheimer Straße","B",1,3,3,1,2,"MO"
"Rodtbergstraße  1 - 35","A",2,3,2,1,1,"DO"
"Rodtbergstraße  2 - 34","A",2,3,2,1,1,"DO"
"Rodtbergstraße  36 - Ende","A",2,1,4,1,1,"MO"
"Rodtbergstraße  37 - Ende","A",2,1,4,1,1,"MO"
"Rodtgärten","A",2,1,1,1,1,"MO"
"Rodthohl","B",1,2,2,1,4,"DI"
"Röntgenstr.","B",1,2,2,1,4,"DI"
"Roonstr.","A",2,1,2,1,2,"DO"
"Rooseveltstraße","B",1,3,2,2,2,"DI"
"Rosengasse","C",2,2,3,2,3,"MI"
"Rosenpfad","A",2,1,4,1,1,"MO"
"Rosenweg","B",1,2,2,1,4,"FR"
"Rudolf-Diesel-Str.","C",2,2,7,1,3,"MI"
"Ruhbanksweg","C",2,2,3,2,3,"MI"
"Saarlandstr.","A",2,1,1,1,4,"FR"
"Salomestraße","B",1,3,3,1,2,"MO"
"Salzböder Weg","B",1,3,3,1,2,"MO"
"Sandacker","A",2,2,2,2,1,"MI"
"Sandfeld","A",2,1,1,1,1,"MO"
"Sandgasse","A",2,1,2,1,2,"DO"
"Sandkauter Weg","A",2,1,1,2,3,"MI"
"Schäferbrunnen","A",2,1,1,1,1,"MO"
"Schanzenstr.","A",2,1,1,1,3,"DO"
"Schießgärten","B",1,3,3,1,2,"MO"
"Schiffenberger Weg 1 - 327","A",2,1,1,2,3,"MI"
"Schiffenberger Weg 2 - 44","A",2,2,1,3,3,"DI"
"Schiffenberger Weg 329 - Ende","C",2,4,5,2,3,"MI"
"Schiffenberger Weg 46 - 56","A",2,5,4,2,3,"FR"
"Schiffenberger Weg 58 - 88","A",2,2,1,3,3,"DI"
"Schiffenberger Weg 90 - Ende","A",2,1,1,2,3,"MI"
"Schildberg","A",2,1,1,1,4,"FR"
"Schillerstr.","A",2,2,2,1,2,"DO"
"Schlachthofstr.","B",1,3,3,1,2,"MO"
"Schlangenzahl","B",1,1,1,1,4,"DI"
"Schlehdorn","A",2,4,1,1,4,"FR"
"Schlesische Str.","D",1,4,5,1,3,"MO"
"Schloßgasse","A",2,2,2,1,2,"DO"
"Schmalkaldener  Weg","A",2,2,2,2,1,"MI"
"Schöne Aussicht","A",2,3,2,2,1,"MI"
"Schottstr. 1 - 25","A",2,2,2,1,2,"DO"
"Schottstr. 2 - 32","A",2,2,2,1,2,"DO"
"Schottstr. 27 - Ende","A",2,3,2,1,2,"DO"
"Schottstr. 34 - Ende","A",2,3,2,1,2,"DO"
"Schubertstr. 2 ~ 41","B",1,2,1,1,4,"DI"
"Schubertstr. 42 ~ Ende","B",1,1,1,1,4,"DI"
"Schulstr.","A",2,1,2,1,2,"DO"
"Schustergasse","A",2,2,2,2,1,"MI"
"Schützenstraße","B",1,3,3,1,2,"MO"
"Schwalbachacker","B",1,3,3,1,2,"MO"
"Schwarzacker 2 ~ 30","B",1,2,1,1,4,"DI"
"Schwarzacker 31 ~ Ende","B",1,1,1,1,4,"DI"
"Schwarze Hohl","B",1,2,2,1,4,"FR"
"Schwarzlachweg","A",2,1,2,1,2,"DO"
"Schwimmbadweg","B",1,2,2,1,4,"FR"
"Seewiesenstr.","C",2,2,3,2,3,"MI"
"Sellnberg","C",2,3,4,1,1,"MO"
"Seltersweg","A",2,1,1,1,3,"DO"
"Senckenbergstraße","A",2,2,2,1,2,"DO"
"Siegmund-Heichelheim-Straße","B",1,1,1,1,4,"DI"
"Siemensstr.","A",2,1,1,2,3,"MI"
"Sommerberg","C",2,4,5,2,3,"MI"
"Sonnenstraße 1 - 9","A",2,2,2,1,2,"DO"
"Sonnenstraße 11 - 31","A",2,1,2,1,3,"DO"
"Sonnenstraße 2 - 4","A",2,2,2,1,2,"DO"
"Sonnenstraße 6 - 16","A",2,1,2,1,3,"DO"
"Sonnenweg","B",1,2,2,1,4,"FR"
"Spenerweg","A",2,2,2,1,2,"MO"
"Spitzwegring","A",2,1,4,1,1,"MO"
"Sportfeld","A",2,1,1,1,4,"FR"
"Sportplatzstr.","B",1,2,2,1,4,"FR"
"Stadtwald","B",1,4,4,1,3,"MO"
"Starenweg","C",2,3,4,1,1,"MO"
"Staufenbergring","A",2,3,2,2,1,"MI"
"Stefan-Bellof-Straße","B",1,4,4,1,3,"MO"
"Steinacker","C",2,2,3,2,3,"MI"
"Steinberger Weg","A",2,1,1,2,3,"MI"
"Steinerne Brücke 1 - 35","A",2,2,2,2,1,"MI"
"Steinerne Brücke 2 - 28","A",2,2,2,2,1,"MI"
"Steinerne Brücke 30 - Ende","A",2,3,2,2,1,"MI"
"Steinerne Brücke 37 - Ende","A",2,3,2,2,1,"MI"
"Steinhohl","B",1,2,2,1,4,"FR"
"Steinkaute","A",2,1,1,1,1,"MO"
"Steinstraße","A",2,1,2,1,2,"DO"
"Stephanstraße","A",2,4,1,1,3,"DO"
"Sternmark","A",2,2,1,3,3,"DI"
"Struppmühle","A",2,2,2,2,1,"MI"
"Struppmühlenweg","A",2,2,2,2,1,"MI"
"Struthstraße","C",2,2,3,2,3,"MI"
"Südanlage 1 - Ende","A",2,4,1,1,3,"DO"
"Südanlage 2 - 24","A",2,4,1,1,3,"DO"
"Südanlage 26 - Ende","A",2,1,1,1,3,"DO"
"Sudetenlandstr.","A",2,3,2,1,2,"DO"
"Südhang","C",2,1,1,1,3,"MI"
"Talstraße","A",2,1,1,2,3,"MI"
"Tannenweg","A",2,2,2,1,2,"MO"
"Taubenweg","C",2,3,4,1,1,"MO"
"Taunusstraße","B",1,2,2,1,4,"FR"
"Teichweg","A",2,3,2,2,1,"MI"
"Teilgärtenweg","B",1,3,2,1,4,"FR"
"Teufelslustgärtchen","A",2,1,1,1,3,"DO"
"Thaerstraße","A",2,2,1,1,4,"DI"
"Theodor-Storm-Weg","A",2,4,1,1,4,"FR"
"Thielmannweg","A",2,1,4,1,1,"MO"
"Thomastr.","C",2,2,4,1,1,"MO"
"Tiefenweg","A",2,1,1,1,3,"DO"
"Treiser Weg","A",2,2,2,2,1,"MI"
"Trieb","A",2,2,2,1,2,"MO"
"Triebstr.","B",1,3,2,1,4,"FR"
"Trillergäßchen","A",2,1,1,1,3,"DO"
"Troher Str.","C",2,2,3,2,3,"MI"
"Troppauer Str. 1 - 9","A",2,6,2,1,1,"DO"
"Troppauer Str. 11 - Ende","A",2,1,6,1,1,"MO"
"Troppauer Str. 18 - Ende","A",2,1,6,1,1,"MO"
"Troppauer Str. 2 - 16","A",2,6,2,1,1,"DO"
"Tulpenweg","A",2,1,4,1,1,"MO"
"Turnstr.","A",2,2,4,2,1,"MI"
"Ubbelohdeweg","C",2,2,4,1,1,"MO"
"Über der Seife","B",1,3,2,1,4,"FR"
"Udersbergstraße","C",2,2,3,2,3,"MI"
"Uferweg","A",2,1,4,1,2,"DO"
"Uhlandstr.","B",1,2,1,1,4,"DI"
"Unterer Hardthof","A",2,1,6,1,2,"DO"
"Untergasse","B",1,3,2,1,4,"FR"
"Unterhof","B",1,2,1,1,4,"DI"
"Unterm Hardtwäldchen","A",2,1,6,1,2,"DO"
"Ursulum","A",2,2,2,1,2,"MO"
"Versailler Str.","B",1,4,4,1,3,"MO"
"Vetzberger Weg","B",1,3,3,1,2,"MO"
"Vetzbergring","A",2,3,2,2,1,"MI"
"Vixröder Str.","A",2,2,2,2,1,"MI"
"Waagengasse","A",2,1,1,1,3,"DO"
"Wacholderbusch","A",2,4,1,1,4,"FR"
"Waldbrunnenweg","C",2,2,4,1,1,"MO"
"Waldfrieden","A",2,6,3,2,1,"FR"
"Waldstr.","B",1,2,2,1,4,"FR"
"Waldweide","A",2,4,1,1,4,"FR"
"Walltorstr.","A",2,2,2,1,2,"DO"
"Walter-Süskind-Straße","B",1,1,1,1,4,"DI"
"Wartweg","B",1,2,1,1,4,"DI"
"Washingtonstraße","B",1,3,2,2,2,"DI"
"Watzenborner Weg","A",2,1,1,2,3,"MI"
"Weidengasse","A",2,1,1,1,3,"DO"
"Weidigstr.","A",2,2,2,2,1,"MI"
"Weigelstr.","A",2,1,1,1,4,"FR"
"Weilburger Grenze","A",2,1,6,1,2,"DO"
"Weimarer Str.","A",2,2,2,2,1,"MI"
"Weingartenstr.","B",1,2,2,1,4,"FR"
"Weißerde","B",1,2,2,1,4,"DI"
"Welckerstr.","B",1,2,2,1,4,"DI"
"Wellersburgring","A",2,3,2,2,1,"MI"
"Werrastr.","A",2,3,2,1,2,"DO"
"Weserstr.","A",2,2,2,1,2,"DO"
"Westanlage","A",2,1,1,1,3,"DO"
"Wettenberger Weg","B",1,3,3,1,2,"MO"
"Wettenbergring","A",2,3,2,2,1,"MI"
"Wetzlarer Straße","A",2,1,1,1,4,"FR"
"Wetzsteinstr.","A",2,2,2,1,2,"DO"
"Wichernweg","A",2,2,2,1,2,"MO"
"Wiesecker Weg 1 - 59","C",2,2,4,1,1,"MO"
"Wiesecker Weg 2 - 64","C",2,2,4,1,1,"MO"
"Wiesecker Weg 61","C",2,2,6,1,1,"MO"
"Wiesecker Weg 63 - Ende","A",2,2,4,2,1,"MI"
"Wiesecker Weg 66 - Ende","A",2,2,4,2,1,"MI"
"Wiesenstr.","A",2,1,2,1,2,"DO"
"Wilhelm-Jung-Str.","A",2,1,1,1,4,"FR"
"Wilhelm-Leuschner-Straße","A",2,1,6,1,2,"DO"
"Wilhelm-Liebknecht-Str.","A",2,3,4,2,1,"MI"
"Wilhelm-Pfeiffer-Str.","B",1,1,1,1,4,"DI"
"Wilhelmstr.","B",1,2,2,1,4,"DI"
"Wilsonstr.","B",1,2,2,1,4,"DI"
"Winchesterstraße","B",1,4,4,1,3,"MO"
"Winckelmannstr.","A",2,2,2,2,1,"MI"
"Wingert","A",2,2,4,2,1,"MI"
"Wingertshecke","A",2,2,1,1,4,"DI"
"Wißmarer Weg 1 - 125","A",2,1,1,1,1,"MO"
"Wißmarer Weg 127 - Ende","A",2,1,4,1,1,"DO"
"Wißmarer Weg 140 - Ende","A",2,1,4,1,1,"DO"
"Wißmarer Weg 2 - 138","A",2,1,1,1,1,"MO"
"Wolfstr. 1 - 15","A",2,2,4,1,2,"MO"
"Wolfstr. 17 - Ende","B",1,4,4,1,3,"MO"
"Wolfstr. 2 - 18","A",2,2,4,1,2,"MO"
"Wolfstr. 20 - Ende","B",1,4,4,1,3,"MO"
"Wolkengasse","A",2,1,1,1,3,"DO"
"Zinzendorfweg","A",2,2,2,1,2,"MO"
"Zu den Mühlen","A",2,3,2,1,1,"DO"
"Zum Bahnhof","C",2,2,3,2,3,"MI"
"Zum Dorfplatz","B",1,2,2,1,4,"FR"
"Zum Kolbengraben","B",1,2,2,1,4,"FR"
"Zum Maiplatz","A",2,1,1,1,4,"FR"
"Zum Waldsportplatz","A",2,2,2,1,2,"MO"
"Zum Weiher","A",2,1,1,1,4,"FR"
"Zur Alten Eiche","C",2,2,3,2,3,"MI"
"Zur Großen Bleiche","B",1,3,3,1,2,"MO"
"Zur Kastanie","C",2,2,3,2,3,"MI"
